Company Name,Full Address,Activities,Company ID,Start Date,See Also,Number of Employees,Turnover,Last Year
TRANSEURO RESEAU LIMITED,"St. James Street, 5 A ,  Dover, Kent CT16 1QD, Belgium",,460974286.0,1997-06-17,"companyweb: https://www.companyweb.be/gratisBTWopzoeken_rechercherTVAgratuit_detail.asp?source=&vat=460974286, databe: https://data.be/en/company/0460974286, ejustice: http://www.ejustice.just.fgov.be/cgi_tsv/tsv_rech.pl?language=nl&btw=0460974286&liste=Liste, finactum: https://www.finactum.be/nl/company/BE0460974286, graydon: http://www.graydon.be/portal_creditel/link.aspx?typ=rap&lnk=460974286, infobel: https://www.infobel.com/nl/belgium/financial/vat/BE0460974286, kbodata: http://data.kbodata.be/organisation/0460_974_286, kbopub: http://kbopub.economie.fgov.be/kbopub/zoeknummerform.html?nummer=0460974286, nbb: http://cri.nbb.be/bc9/web/catalog?lang=N&companyNr=0460974286, opencorporates: https://opencorporates.com/companies/be/0460974286, opencorporatesapi: https://api.opencorporates.com/companies/be/0460974286, socialsecurity: https://www.socialsecurity.be/app014/wrep/rep_gp.do?language=nl&ACCESS_TYPE=0&ACTION=1&REP_KEY_TYPE=12&REP_LIMIT_DATE=&REP_KEY_VALUE=0460974286, staatsbladmonitor: https://www.staatsbladmonitor.be/bedrijfsfiche.html?ondernemingsnummer=0460974286, trendstop: http://trendstop.knack.be/en/detail/0460974286, vies: http://ec.europa.eu/taxation_customs/vies/vatResponse.html?memberStateCode=BE&number=0460974286",n.b.,552,1998.0
EOLE - EOLEMED - TESTEOL,No result,No activities found,No ID,No Start Date,No See Also Info,n.b.,58.827,2022.0
INTERNATIONAL NEW PRODUCTS,"VIALE GRAN SASSO 3, SN MILAN, Belgium",,423192588,1982-09-15,"companyweb: https://www.companyweb.be/gratisBTWopzoeken_rechercherTVAgratuit_detail.asp?source=&vat=423192588, databe: https://data.be/en/company/0423192588, ejustice: http://www.ejustice.just.fgov.be/cgi_tsv/tsv_rech.pl?language=nl&btw=0423192588&liste=Liste, finactum: https://www.finactum.be/nl/company/BE0423192588, graydon: http://www.graydon.be/portal_creditel/link.aspx?typ=rap&lnk=423192588, infobel: https://www.infobel.com/nl/belgium/financial/vat/BE0423192588, kbodata: http://data.kbodata.be/organisation/0423_192_588, kbopub: http://kbopub.economie.fgov.be/kbopub/zoeknummerform.html?nummer=0423192588, nbb: http://cri.nbb.be/bc9/web/catalog?lang=N&companyNr=0423192588, opencorporates: https://opencorporates.com/companies/be/0423192588, opencorporatesapi: https://api.opencorporates.com/companies/be/0423192588, socialsecurity: https://www.socialsecurity.be/app014/wrep/rep_gp.do?language=nl&ACCESS_TYPE=0&ACTION=1&REP_KEY_TYPE=12&REP_LIMIT_DATE=&REP_KEY_VALUE=0423192588, staatsbladmonitor: https://www.staatsbladmonitor.be/bedrijfsfiche.html?ondernemingsnummer=0423192588, trendstop: http://trendstop.knack.be/en/detail/0423192588, vies: http://ec.europa.eu/taxation_customs/vies/vatResponse.html?memberStateCode=BE&number=0423192588",n.b.,5.695,2007.0
KRESRY,"Voetbeeklaan 11, 2950 Kapellen, Belgium","46460, 51460",403758441,1968-01-01,"companyweb: https://www.companyweb.be/gratisBTWopzoeken_rechercherTVAgratuit_detail.asp?source=&vat=403758441, databe: https://data.be/en/company/0403758441, ejustice: http://www.ejustice.just.fgov.be/cgi_tsv/tsv_rech.pl?language=nl&btw=0403758441&liste=Liste, finactum: https://www.finactum.be/nl/company/BE0403758441, graydon: http://www.graydon.be/portal_creditel/link.aspx?typ=rap&lnk=403758441, infobel: https://www.infobel.com/nl/belgium/financial/vat/BE0403758441, kbodata: http://data.kbodata.be/organisation/0403_758_441, kbopub: http://kbopub.economie.fgov.be/kbopub/zoeknummerform.html?nummer=0403758441, nbb: http://cri.nbb.be/bc9/web/catalog?lang=N&companyNr=0403758441, opencorporates: https://opencorporates.com/companies/be/0403758441, opencorporatesapi: https://api.opencorporates.com/companies/be/0403758441, socialsecurity: https://www.socialsecurity.be/app014/wrep/rep_gp.do?language=nl&ACCESS_TYPE=0&ACTION=1&REP_KEY_TYPE=12&REP_LIMIT_DATE=&REP_KEY_VALUE=0403758441, staatsbladmonitor: https://www.staatsbladmonitor.be/bedrijfsfiche.html?ondernemingsnummer=0403758441, trendstop: http://trendstop.knack.be/en/detail/0403758441, vies: http://ec.europa.eu/taxation_customs/vies/vatResponse.html?memberStateCode=BE&number=0403758441",n.b.,n.b.,2022.0
PROMOPHARMA,"Buysdellelaan 22, 1180 Ukkel, Belgium","46460, 51550",416792865,1976-12-21,"companyweb: https://www.companyweb.be/gratisBTWopzoeken_rechercherTVAgratuit_detail.asp?source=&vat=416792865, databe: https://data.be/en/company/0416792865, ejustice: http://www.ejustice.just.fgov.be/cgi_tsv/tsv_rech.pl?language=nl&btw=0416792865&liste=Liste, finactum: https://www.finactum.be/nl/company/BE0416792865, graydon: http://www.graydon.be/portal_creditel/link.aspx?typ=rap&lnk=416792865, infobel: https://www.infobel.com/nl/belgium/financial/vat/BE0416792865, kbodata: http://data.kbodata.be/organisation/0416_792_865, kbopub: http://kbopub.economie.fgov.be/kbopub/zoeknummerform.html?nummer=0416792865, nbb: http://cri.nbb.be/bc9/web/catalog?lang=N&companyNr=0416792865, opencorporates: https://opencorporates.com/companies/be/0416792865, opencorporatesapi: https://api.opencorporates.com/companies/be/0416792865, socialsecurity: https://www.socialsecurity.be/app014/wrep/rep_gp.do?language=nl&ACCESS_TYPE=0&ACTION=1&REP_KEY_TYPE=12&REP_LIMIT_DATE=&REP_KEY_VALUE=0416792865, staatsbladmonitor: https://www.staatsbladmonitor.be/bedrijfsfiche.html?ondernemingsnummer=0416792865, trendstop: http://trendstop.knack.be/en/detail/0416792865, vies: http://ec.europa.eu/taxation_customs/vies/vatResponse.html?memberStateCode=BE&number=0416792865",n.b.,n.b.,2022.0
INTER MEDIC ALL,"Paapsemlaan 18C, 1070 Anderlecht, Belgium","46460, 51460",422059569,1981-09-01,"companyweb: https://www.companyweb.be/gratisBTWopzoeken_rechercherTVAgratuit_detail.asp?source=&vat=422059569, databe: https://data.be/en/company/0422059569, ejustice: http://www.ejustice.just.fgov.be/cgi_tsv/tsv_rech.pl?language=nl&btw=0422059569&liste=Liste, finactum: https://www.finactum.be/nl/company/BE0422059569, graydon: http://www.graydon.be/portal_creditel/link.aspx?typ=rap&lnk=422059569, infobel: https://www.infobel.com/nl/belgium/financial/vat/BE0422059569, kbodata: http://data.kbodata.be/organisation/0422_059_569, kbopub: http://kbopub.economie.fgov.be/kbopub/zoeknummerform.html?nummer=0422059569, nbb: http://cri.nbb.be/bc9/web/catalog?lang=N&companyNr=0422059569, opencorporates: https://opencorporates.com/companies/be/0422059569, opencorporatesapi: https://api.opencorporates.com/companies/be/0422059569, socialsecurity: https://www.socialsecurity.be/app014/wrep/rep_gp.do?language=nl&ACCESS_TYPE=0&ACTION=1&REP_KEY_TYPE=12&REP_LIMIT_DATE=&REP_KEY_VALUE=0422059569, staatsbladmonitor: https://www.staatsbladmonitor.be/bedrijfsfiche.html?ondernemingsnummer=0422059569, trendstop: http://trendstop.knack.be/en/detail/0422059569, vies: http://ec.europa.eu/taxation_customs/vies/vatResponse.html?memberStateCode=BE&number=0422059569",n.b.,n.b.,2021.0
EUROPHARMACEUTICALS,"Wolvendaellaan 21, 1180 Ukkel, Belgium","46460, 21201, 70220, 51472",425594923,1984-03-29,"companyweb: https://www.companyweb.be/gratisBTWopzoeken_rechercherTVAgratuit_detail.asp?source=&vat=425594923, databe: https://data.be/en/company/0425594923, ejustice: http://www.ejustice.just.fgov.be/cgi_tsv/tsv_rech.pl?language=nl&btw=0425594923&liste=Liste, finactum: https://www.finactum.be/nl/company/BE0425594923, graydon: http://www.graydon.be/portal_creditel/link.aspx?typ=rap&lnk=425594923, infobel: https://www.infobel.com/nl/belgium/financial/vat/BE0425594923, kbodata: http://data.kbodata.be/organisation/0425_594_923, kbopub: http://kbopub.economie.fgov.be/kbopub/zoeknummerform.html?nummer=0425594923, nbb: http://cri.nbb.be/bc9/web/catalog?lang=N&companyNr=0425594923, opencorporates: https://opencorporates.com/companies/be/0425594923, opencorporatesapi: https://api.opencorporates.com/companies/be/0425594923, socialsecurity: https://www.socialsecurity.be/app014/wrep/rep_gp.do?language=nl&ACCESS_TYPE=0&ACTION=1&REP_KEY_TYPE=12&REP_LIMIT_DATE=&REP_KEY_VALUE=0425594923, staatsbladmonitor: https://www.staatsbladmonitor.be/bedrijfsfiche.html?ondernemingsnummer=0425594923, trendstop: http://trendstop.knack.be/en/detail/0425594923, vies: http://ec.europa.eu/taxation_customs/vies/vatResponse.html?memberStateCode=BE&number=0425594923",n.b.,n.b.,2022.0
BIOMEDECINE,"Amazonenlaan 3, 1800 Vilvoorde, Belgium","46460, 46493, 51460",426653609,1985-01-09,"companyweb: https://www.companyweb.be/gratisBTWopzoeken_rechercherTVAgratuit_detail.asp?source=&vat=426653609, databe: https://data.be/en/company/0426653609, ejustice: http://www.ejustice.just.fgov.be/cgi_tsv/tsv_rech.pl?language=nl&btw=0426653609&liste=Liste, finactum: https://www.finactum.be/nl/company/BE0426653609, graydon: http://www.graydon.be/portal_creditel/link.aspx?typ=rap&lnk=426653609, infobel: https://www.infobel.com/nl/belgium/financial/vat/BE0426653609, kbodata: http://data.kbodata.be/organisation/0426_653_609, kbopub: http://kbopub.economie.fgov.be/kbopub/zoeknummerform.html?nummer=0426653609, nbb: http://cri.nbb.be/bc9/web/catalog?lang=N&companyNr=0426653609, opencorporates: https://opencorporates.com/companies/be/0426653609, opencorporatesapi: https://api.opencorporates.com/companies/be/0426653609, socialsecurity: https://www.socialsecurity.be/app014/wrep/rep_gp.do?language=nl&ACCESS_TYPE=0&ACTION=1&REP_KEY_TYPE=12&REP_LIMIT_DATE=&REP_KEY_VALUE=0426653609, staatsbladmonitor: https://www.staatsbladmonitor.be/bedrijfsfiche.html?ondernemingsnummer=0426653609, trendstop: http://trendstop.knack.be/en/detail/0426653609, vies: http://ec.europa.eu/taxation_customs/vies/vatResponse.html?memberStateCode=BE&number=0426653609",n.b.,n.b.,2022.0
BUSINESS EXPANSION,"Winston Churchilllaan 92, 1180 Ukkel, Belgium","46460, 47740, 51460, 52320",430031385,1986-12-10,"companyweb: https://www.companyweb.be/gratisBTWopzoeken_rechercherTVAgratuit_detail.asp?source=&vat=430031385, databe: https://data.be/en/company/0430031385, ejustice: http://www.ejustice.just.fgov.be/cgi_tsv/tsv_rech.pl?language=nl&btw=0430031385&liste=Liste, finactum: https://www.finactum.be/nl/company/BE0430031385, graydon: http://www.graydon.be/portal_creditel/link.aspx?typ=rap&lnk=430031385, infobel: https://www.infobel.com/nl/belgium/financial/vat/BE0430031385, kbodata: http://data.kbodata.be/organisation/0430_031_385, kbopub: http://kbopub.economie.fgov.be/kbopub/zoeknummerform.html?nummer=0430031385, nbb: http://cri.nbb.be/bc9/web/catalog?lang=N&companyNr=0430031385, opencorporates: https://opencorporates.com/companies/be/0430031385, opencorporatesapi: https://api.opencorporates.com/companies/be/0430031385, socialsecurity: https://www.socialsecurity.be/app014/wrep/rep_gp.do?language=nl&ACCESS_TYPE=0&ACTION=1&REP_KEY_TYPE=12&REP_LIMIT_DATE=&REP_KEY_VALUE=0430031385, staatsbladmonitor: https://www.staatsbladmonitor.be/bedrijfsfiche.html?ondernemingsnummer=0430031385, trendstop: http://trendstop.knack.be/en/detail/0430031385, vies: http://ec.europa.eu/taxation_customs/vies/vatResponse.html?memberStateCode=BE&number=0430031385",n.b.,n.b.,2022.0
NEUCON,"Sint Antoniuslaan 4, 1950 Kraainem, Belgium",,430934376,1987-04-10,"companyweb: https://www.companyweb.be/gratisBTWopzoeken_rechercherTVAgratuit_detail.asp?source=&vat=430934376, databe: https://data.be/en/company/0430934376, ejustice: http://www.ejustice.just.fgov.be/cgi_tsv/tsv_rech.pl?language=nl&btw=0430934376&liste=Liste, finactum: https://www.finactum.be/nl/company/BE0430934376, graydon: http://www.graydon.be/portal_creditel/link.aspx?typ=rap&lnk=430934376, infobel: https://www.infobel.com/nl/belgium/financial/vat/BE0430934376, kbodata: http://data.kbodata.be/organisation/0430_934_376, kbopub: http://kbopub.economie.fgov.be/kbopub/zoeknummerform.html?nummer=0430934376, nbb: http://cri.nbb.be/bc9/web/catalog?lang=N&companyNr=0430934376, opencorporates: https://opencorporates.com/companies/be/0430934376, opencorporatesapi: https://api.opencorporates.com/companies/be/0430934376, socialsecurity: https://www.socialsecurity.be/app014/wrep/rep_gp.do?language=nl&ACCESS_TYPE=0&ACTION=1&REP_KEY_TYPE=12&REP_LIMIT_DATE=&REP_KEY_VALUE=0430934376, staatsbladmonitor: https://www.staatsbladmonitor.be/bedrijfsfiche.html?ondernemingsnummer=0430934376, trendstop: http://trendstop.knack.be/en/detail/0430934376, vies: http://ec.europa.eu/taxation_customs/vies/vatResponse.html?memberStateCode=BE&number=0430934376",n.b.,n.b.,2009.0
VIRILAB,"Oude Weg 11A, 1180 Ukkel, Belgium","46460, 73110, 51460, 74401",434878615,1988-07-15,"companyweb: https://www.companyweb.be/gratisBTWopzoeken_rechercherTVAgratuit_detail.asp?source=&vat=434878615, databe: https://data.be/en/company/0434878615, ejustice: http://www.ejustice.just.fgov.be/cgi_tsv/tsv_rech.pl?language=nl&btw=0434878615&liste=Liste, finactum: https://www.finactum.be/nl/company/BE0434878615, graydon: http://www.graydon.be/portal_creditel/link.aspx?typ=rap&lnk=434878615, infobel: https://www.infobel.com/nl/belgium/financial/vat/BE0434878615, kbodata: http://data.kbodata.be/organisation/0434_878_615, kbopub: http://kbopub.economie.fgov.be/kbopub/zoeknummerform.html?nummer=0434878615, nbb: http://cri.nbb.be/bc9/web/catalog?lang=N&companyNr=0434878615, opencorporates: https://opencorporates.com/companies/be/0434878615, opencorporatesapi: https://api.opencorporates.com/companies/be/0434878615, socialsecurity: https://www.socialsecurity.be/app014/wrep/rep_gp.do?language=nl&ACCESS_TYPE=0&ACTION=1&REP_KEY_TYPE=12&REP_LIMIT_DATE=&REP_KEY_VALUE=0434878615, staatsbladmonitor: https://www.staatsbladmonitor.be/bedrijfsfiche.html?ondernemingsnummer=0434878615, trendstop: http://trendstop.knack.be/en/detail/0434878615, vies: http://ec.europa.eu/taxation_customs/vies/vatResponse.html?memberStateCode=BE&number=0434878615",n.b.,n.b.,2022.0
CORTHALS - VERPLEGING,"Steengroefstraat 3, 1081 Koekelberg, Belgium","46460, 51460",441869642,1990-09-19,"companyweb: https://www.companyweb.be/gratisBTWopzoeken_rechercherTVAgratuit_detail.asp?source=&vat=441869642, databe: https://data.be/en/company/0441869642, ejustice: http://www.ejustice.just.fgov.be/cgi_tsv/tsv_rech.pl?language=nl&btw=0441869642&liste=Liste, finactum: https://www.finactum.be/nl/company/BE0441869642, graydon: http://www.graydon.be/portal_creditel/link.aspx?typ=rap&lnk=441869642, infobel: https://www.infobel.com/nl/belgium/financial/vat/BE0441869642, kbodata: http://data.kbodata.be/organisation/0441_869_642, kbopub: http://kbopub.economie.fgov.be/kbopub/zoeknummerform.html?nummer=0441869642, nbb: http://cri.nbb.be/bc9/web/catalog?lang=N&companyNr=0441869642, opencorporates: https://opencorporates.com/companies/be/0441869642, opencorporatesapi: https://api.opencorporates.com/companies/be/0441869642, socialsecurity: https://www.socialsecurity.be/app014/wrep/rep_gp.do?language=nl&ACCESS_TYPE=0&ACTION=1&REP_KEY_TYPE=12&REP_LIMIT_DATE=&REP_KEY_VALUE=0441869642, staatsbladmonitor: https://www.staatsbladmonitor.be/bedrijfsfiche.html?ondernemingsnummer=0441869642, trendstop: http://trendstop.knack.be/en/detail/0441869642, vies: http://ec.europa.eu/taxation_customs/vies/vatResponse.html?memberStateCode=BE&number=0441869642",n.b.,n.b.,2020.0
MEDICAL IMAGING SYSTEMS FOR MINIMAL INVASIVE SURGERY,"Baronielaan 128, 4818RD Breda, Belgium",,448620941,1992-11-03,"companyweb: https://www.companyweb.be/gratisBTWopzoeken_rechercherTVAgratuit_detail.asp?source=&vat=448620941, databe: https://data.be/en/company/0448620941, ejustice: http://www.ejustice.just.fgov.be/cgi_tsv/tsv_rech.pl?language=nl&btw=0448620941&liste=Liste, finactum: https://www.finactum.be/nl/company/BE0448620941, graydon: http://www.graydon.be/portal_creditel/link.aspx?typ=rap&lnk=448620941, infobel: https://www.infobel.com/nl/belgium/financial/vat/BE0448620941, kbodata: http://data.kbodata.be/organisation/0448_620_941, kbopub: http://kbopub.economie.fgov.be/kbopub/zoeknummerform.html?nummer=0448620941, nbb: http://cri.nbb.be/bc9/web/catalog?lang=N&companyNr=0448620941, opencorporates: https://opencorporates.com/companies/be/0448620941, opencorporatesapi: https://api.opencorporates.com/companies/be/0448620941, socialsecurity: https://www.socialsecurity.be/app014/wrep/rep_gp.do?language=nl&ACCESS_TYPE=0&ACTION=1&REP_KEY_TYPE=12&REP_LIMIT_DATE=&REP_KEY_VALUE=0448620941, staatsbladmonitor: https://www.staatsbladmonitor.be/bedrijfsfiche.html?ondernemingsnummer=0448620941, trendstop: http://trendstop.knack.be/en/detail/0448620941, vies: http://ec.europa.eu/taxation_customs/vies/vatResponse.html?memberStateCode=BE&number=0448620941",2,n.b.,1993.0
AGROMED,"Louizalaan 326, 1050 Elsene, Belgium","46460, 46180, 51460, 51180",448811476,1992-12-02,"companyweb: https://www.companyweb.be/gratisBTWopzoeken_rechercherTVAgratuit_detail.asp?source=&vat=448811476, databe: https://data.be/en/company/0448811476, ejustice: http://www.ejustice.just.fgov.be/cgi_tsv/tsv_rech.pl?language=nl&btw=0448811476&liste=Liste, finactum: https://www.finactum.be/nl/company/BE0448811476, graydon: http://www.graydon.be/portal_creditel/link.aspx?typ=rap&lnk=448811476, infobel: https://www.infobel.com/nl/belgium/financial/vat/BE0448811476, kbodata: http://data.kbodata.be/organisation/0448_811_476, kbopub: http://kbopub.economie.fgov.be/kbopub/zoeknummerform.html?nummer=0448811476, nbb: http://cri.nbb.be/bc9/web/catalog?lang=N&companyNr=0448811476, opencorporates: https://opencorporates.com/companies/be/0448811476, opencorporatesapi: https://api.opencorporates.com/companies/be/0448811476, socialsecurity: https://www.socialsecurity.be/app014/wrep/rep_gp.do?language=nl&ACCESS_TYPE=0&ACTION=1&REP_KEY_TYPE=12&REP_LIMIT_DATE=&REP_KEY_VALUE=0448811476, staatsbladmonitor: https://www.staatsbladmonitor.be/bedrijfsfiche.html?ondernemingsnummer=0448811476, trendstop: http://trendstop.knack.be/en/detail/0448811476, vies: http://ec.europa.eu/taxation_customs/vies/vatResponse.html?memberStateCode=BE&number=0448811476",n.b.,n.b.,2021.0
CAEX,"Leuvensebaan 211, 2580 Putte, Belgium","46460, 68311, 70220, 70311",451783141,1994-01-28,"companyweb: https://www.companyweb.be/gratisBTWopzoeken_rechercherTVAgratuit_detail.asp?source=&vat=451783141, databe: https://data.be/en/company/0451783141, ejustice: http://www.ejustice.just.fgov.be/cgi_tsv/tsv_rech.pl?language=nl&btw=0451783141&liste=Liste, finactum: https://www.finactum.be/nl/company/BE0451783141, graydon: http://www.graydon.be/portal_creditel/link.aspx?typ=rap&lnk=451783141, infobel: https://www.infobel.com/nl/belgium/financial/vat/BE0451783141, kbodata: http://data.kbodata.be/organisation/0451_783_141, kbopub: http://kbopub.economie.fgov.be/kbopub/zoeknummerform.html?nummer=0451783141, nbb: http://cri.nbb.be/bc9/web/catalog?lang=N&companyNr=0451783141, opencorporates: https://opencorporates.com/companies/be/0451783141, opencorporatesapi: https://api.opencorporates.com/companies/be/0451783141, socialsecurity: https://www.socialsecurity.be/app014/wrep/rep_gp.do?language=nl&ACCESS_TYPE=0&ACTION=1&REP_KEY_TYPE=12&REP_LIMIT_DATE=&REP_KEY_VALUE=0451783141, staatsbladmonitor: https://www.staatsbladmonitor.be/bedrijfsfiche.html?ondernemingsnummer=0451783141, trendstop: http://trendstop.knack.be/en/detail/0451783141, vies: http://ec.europa.eu/taxation_customs/vies/vatResponse.html?memberStateCode=BE&number=0451783141",n.b.,n.b.,2022.0
S.F.G.,"Franz Merjaystraat 79, 1050 Elsene, Belgium","46460, 51460",451985554,1994-01-05,"companyweb: https://www.companyweb.be/gratisBTWopzoeken_rechercherTVAgratuit_detail.asp?source=&vat=451985554, databe: https://data.be/en/company/0451985554, ejustice: http://www.ejustice.just.fgov.be/cgi_tsv/tsv_rech.pl?language=nl&btw=0451985554&liste=Liste, finactum: https://www.finactum.be/nl/company/BE0451985554, graydon: http://www.graydon.be/portal_creditel/link.aspx?typ=rap&lnk=451985554, infobel: https://www.infobel.com/nl/belgium/financial/vat/BE0451985554, kbodata: http://data.kbodata.be/organisation/0451_985_554, kbopub: http://kbopub.economie.fgov.be/kbopub/zoeknummerform.html?nummer=0451985554, nbb: http://cri.nbb.be/bc9/web/catalog?lang=N&companyNr=0451985554, opencorporates: https://opencorporates.com/companies/be/0451985554, opencorporatesapi: https://api.opencorporates.com/companies/be/0451985554, socialsecurity: https://www.socialsecurity.be/app014/wrep/rep_gp.do?language=nl&ACCESS_TYPE=0&ACTION=1&REP_KEY_TYPE=12&REP_LIMIT_DATE=&REP_KEY_VALUE=0451985554, staatsbladmonitor: https://www.staatsbladmonitor.be/bedrijfsfiche.html?ondernemingsnummer=0451985554, trendstop: http://trendstop.knack.be/en/detail/0451985554, vies: http://ec.europa.eu/taxation_customs/vies/vatResponse.html?memberStateCode=BE&number=0451985554",n.b.,n.b.,2022.0
INTER EUROPEAN CARE ENTERPRISE,"Louizalaan 143, 1050 Elsene, Belgium","46460, 51460",452006043,1994-01-17,"companyweb: https://www.companyweb.be/gratisBTWopzoeken_rechercherTVAgratuit_detail.asp?source=&vat=452006043, databe: https://data.be/en/company/0452006043, ejustice: http://www.ejustice.just.fgov.be/cgi_tsv/tsv_rech.pl?language=nl&btw=0452006043&liste=Liste, finactum: https://www.finactum.be/nl/company/BE0452006043, graydon: http://www.graydon.be/portal_creditel/link.aspx?typ=rap&lnk=452006043, infobel: https://www.infobel.com/nl/belgium/financial/vat/BE0452006043, kbodata: http://data.kbodata.be/organisation/0452_006_043, kbopub: http://kbopub.economie.fgov.be/kbopub/zoeknummerform.html?nummer=0452006043, nbb: http://cri.nbb.be/bc9/web/catalog?lang=N&companyNr=0452006043, opencorporates: https://opencorporates.com/companies/be/0452006043, opencorporatesapi: https://api.opencorporates.com/companies/be/0452006043, socialsecurity: https://www.socialsecurity.be/app014/wrep/rep_gp.do?language=nl&ACCESS_TYPE=0&ACTION=1&REP_KEY_TYPE=12&REP_LIMIT_DATE=&REP_KEY_VALUE=0452006043, staatsbladmonitor: https://www.staatsbladmonitor.be/bedrijfsfiche.html?ondernemingsnummer=0452006043, trendstop: http://trendstop.knack.be/en/detail/0452006043, vies: http://ec.europa.eu/taxation_customs/vies/vatResponse.html?memberStateCode=BE&number=0452006043",n.b.,n.b.,2022.0
AKTUAPHARMA,"Terhulpsesteenweg 6A, 1560 Hoeilaart, Belgium",,463582004,1998-06-16,"companyweb: https://www.companyweb.be/gratisBTWopzoeken_rechercherTVAgratuit_detail.asp?source=&vat=463582004, databe: https://data.be/en/company/0463582004, ejustice: http://www.ejustice.just.fgov.be/cgi_tsv/tsv_rech.pl?language=nl&btw=0463582004&liste=Liste, finactum: https://www.finactum.be/nl/company/BE0463582004, graydon: http://www.graydon.be/portal_creditel/link.aspx?typ=rap&lnk=463582004, infobel: https://www.infobel.com/nl/belgium/financial/vat/BE0463582004, kbodata: http://data.kbodata.be/organisation/0463_582_004, kbopub: http://kbopub.economie.fgov.be/kbopub/zoeknummerform.html?nummer=0463582004, nbb: http://cri.nbb.be/bc9/web/catalog?lang=N&companyNr=0463582004, opencorporates: https://opencorporates.com/companies/be/0463582004, opencorporatesapi: https://api.opencorporates.com/companies/be/0463582004, socialsecurity: https://www.socialsecurity.be/app014/wrep/rep_gp.do?language=nl&ACCESS_TYPE=0&ACTION=1&REP_KEY_TYPE=12&REP_LIMIT_DATE=&REP_KEY_VALUE=0463582004, staatsbladmonitor: https://www.staatsbladmonitor.be/bedrijfsfiche.html?ondernemingsnummer=0463582004, trendstop: http://trendstop.knack.be/en/detail/0463582004, vies: http://ec.europa.eu/taxation_customs/vies/vatResponse.html?memberStateCode=BE&number=0463582004",n.b.,0,2022.0
STOMA INTERNATIONAL,"Adolphe Lacombl√©laan 69-71, 1030 Schaarbeek, Belgium","46460, 51460",472127110,2000-06-16,"companyweb: https://www.companyweb.be/gratisBTWopzoeken_rechercherTVAgratuit_detail.asp?source=&vat=472127110, databe: https://data.be/en/company/0472127110, ejustice: http://www.ejustice.just.fgov.be/cgi_tsv/tsv_rech.pl?language=nl&btw=0472127110&liste=Liste, finactum: https://www.finactum.be/nl/company/BE0472127110, graydon: http://www.graydon.be/portal_creditel/link.aspx?typ=rap&lnk=472127110, infobel: https://www.infobel.com/nl/belgium/financial/vat/BE0472127110, kbodata: http://data.kbodata.be/organisation/0472_127_110, kbopub: http://kbopub.economie.fgov.be/kbopub/zoeknummerform.html?nummer=0472127110, nbb: http://cri.nbb.be/bc9/web/catalog?lang=N&companyNr=0472127110, opencorporates: https://opencorporates.com/companies/be/0472127110, opencorporatesapi: https://api.opencorporates.com/companies/be/0472127110, socialsecurity: https://www.socialsecurity.be/app014/wrep/rep_gp.do?language=nl&ACCESS_TYPE=0&ACTION=1&REP_KEY_TYPE=12&REP_LIMIT_DATE=&REP_KEY_VALUE=0472127110, staatsbladmonitor: https://www.staatsbladmonitor.be/bedrijfsfiche.html?ondernemingsnummer=0472127110, trendstop: http://trendstop.knack.be/en/detail/0472127110, vies: http://ec.europa.eu/taxation_customs/vies/vatResponse.html?memberStateCode=BE&number=0472127110",n.b.,n.b.,2022.0
DISTRIDENTA,"Ransbeekstraat 230, 1120 Brussel, Belgium","46460, 73110, 51460, 74401",473717811,2001-01-05,"companyweb: https://www.companyweb.be/gratisBTWopzoeken_rechercherTVAgratuit_detail.asp?source=&vat=473717811, databe: https://data.be/en/company/0473717811, ejustice: http://www.ejustice.just.fgov.be/cgi_tsv/tsv_rech.pl?language=nl&btw=0473717811&liste=Liste, finactum: https://www.finactum.be/nl/company/BE0473717811, graydon: http://www.graydon.be/portal_creditel/link.aspx?typ=rap&lnk=473717811, infobel: https://www.infobel.com/nl/belgium/financial/vat/BE0473717811, kbodata: http://data.kbodata.be/organisation/0473_717_811, kbopub: http://kbopub.economie.fgov.be/kbopub/zoeknummerform.html?nummer=0473717811, nbb: http://cri.nbb.be/bc9/web/catalog?lang=N&companyNr=0473717811, opencorporates: https://opencorporates.com/companies/be/0473717811, opencorporatesapi: https://api.opencorporates.com/companies/be/0473717811, socialsecurity: https://www.socialsecurity.be/app014/wrep/rep_gp.do?language=nl&ACCESS_TYPE=0&ACTION=1&REP_KEY_TYPE=12&REP_LIMIT_DATE=&REP_KEY_VALUE=0473717811, staatsbladmonitor: https://www.staatsbladmonitor.be/bedrijfsfiche.html?ondernemingsnummer=0473717811, trendstop: http://trendstop.knack.be/en/detail/0473717811, vies: http://ec.europa.eu/taxation_customs/vies/vatResponse.html?memberStateCode=BE&number=0473717811",n.b.,n.b.,2022.0
A - MEDICA,"Jaargetijdenlaan 100, 1050 Elsene, Belgium","46460, 51460",479587794,2003-02-19,"companyweb: https://www.companyweb.be/gratisBTWopzoeken_rechercherTVAgratuit_detail.asp?source=&vat=479587794, databe: https://data.be/en/company/0479587794, ejustice: http://www.ejustice.just.fgov.be/cgi_tsv/tsv_rech.pl?language=nl&btw=0479587794&liste=Liste, finactum: https://www.finactum.be/nl/company/BE0479587794, graydon: http://www.graydon.be/portal_creditel/link.aspx?typ=rap&lnk=479587794, infobel: https://www.infobel.com/nl/belgium/financial/vat/BE0479587794, kbodata: http://data.kbodata.be/organisation/0479_587_794, kbopub: http://kbopub.economie.fgov.be/kbopub/zoeknummerform.html?nummer=0479587794, nbb: http://cri.nbb.be/bc9/web/catalog?lang=N&companyNr=0479587794, opencorporates: https://opencorporates.com/companies/be/0479587794, opencorporatesapi: https://api.opencorporates.com/companies/be/0479587794, socialsecurity: https://www.socialsecurity.be/app014/wrep/rep_gp.do?language=nl&ACCESS_TYPE=0&ACTION=1&REP_KEY_TYPE=12&REP_LIMIT_DATE=&REP_KEY_VALUE=0479587794, staatsbladmonitor: https://www.staatsbladmonitor.be/bedrijfsfiche.html?ondernemingsnummer=0479587794, trendstop: http://trendstop.knack.be/en/detail/0479587794, vies: http://ec.europa.eu/taxation_customs/vies/vatResponse.html?memberStateCode=BE&number=0479587794",n.b.,n.b.,2022.0
DIGITAL DC,"Oude -Grachtlaan 7, 2950 Kapellen, Belgium","46460, 47740, 74909, 86909",500879591,2012-11-14,"companyweb: https://www.companyweb.be/gratisBTWopzoeken_rechercherTVAgratuit_detail.asp?source=&vat=500879591, databe: https://data.be/en/company/0500879591, ejustice: http://www.ejustice.just.fgov.be/cgi_tsv/tsv_rech.pl?language=nl&btw=0500879591&liste=Liste, finactum: https://www.finactum.be/nl/company/BE0500879591, graydon: http://www.graydon.be/portal_creditel/link.aspx?typ=rap&lnk=500879591, infobel: https://www.infobel.com/nl/belgium/financial/vat/BE0500879591, kbodata: http://data.kbodata.be/organisation/0500_879_591, kbopub: http://kbopub.economie.fgov.be/kbopub/zoeknummerform.html?nummer=0500879591, nbb: http://cri.nbb.be/bc9/web/catalog?lang=N&companyNr=0500879591, opencorporates: https://opencorporates.com/companies/be/0500879591, opencorporatesapi: https://api.opencorporates.com/companies/be/0500879591, socialsecurity: https://www.socialsecurity.be/app014/wrep/rep_gp.do?language=nl&ACCESS_TYPE=0&ACTION=1&REP_KEY_TYPE=12&REP_LIMIT_DATE=&REP_KEY_VALUE=0500879591, staatsbladmonitor: https://www.staatsbladmonitor.be/bedrijfsfiche.html?ondernemingsnummer=0500879591, trendstop: http://trendstop.knack.be/en/detail/0500879591, vies: http://ec.europa.eu/taxation_customs/vies/vatResponse.html?memberStateCode=BE&number=0500879591",n.b.,n.b.,2022.0
COMPAGNIE EUROPEENNE DE DISTRIBUTION PHARMACEUTIQUE,"Kasterlindenstraat 128, 1082 Sint-Agatha-Berchem, Belgium",,501544636,2012-11-26,"companyweb: https://www.companyweb.be/gratisBTWopzoeken_rechercherTVAgratuit_detail.asp?source=&vat=501544636, databe: https://data.be/en/company/0501544636, ejustice: http://www.ejustice.just.fgov.be/cgi_tsv/tsv_rech.pl?language=nl&btw=0501544636&liste=Liste, finactum: https://www.finactum.be/nl/company/BE0501544636, graydon: http://www.graydon.be/portal_creditel/link.aspx?typ=rap&lnk=501544636, infobel: https://www.infobel.com/nl/belgium/financial/vat/BE0501544636, kbodata: http://data.kbodata.be/organisation/0501_544_636, kbopub: http://kbopub.economie.fgov.be/kbopub/zoeknummerform.html?nummer=0501544636, nbb: http://cri.nbb.be/bc9/web/catalog?lang=N&companyNr=0501544636, opencorporates: https://opencorporates.com/companies/be/0501544636, opencorporatesapi: https://api.opencorporates.com/companies/be/0501544636, socialsecurity: https://www.socialsecurity.be/app014/wrep/rep_gp.do?language=nl&ACCESS_TYPE=0&ACTION=1&REP_KEY_TYPE=12&REP_LIMIT_DATE=&REP_KEY_VALUE=0501544636, staatsbladmonitor: https://www.staatsbladmonitor.be/bedrijfsfiche.html?ondernemingsnummer=0501544636, trendstop: http://trendstop.knack.be/en/detail/0501544636, vies: http://ec.europa.eu/taxation_customs/vies/vatResponse.html?memberStateCode=BE&number=0501544636",n.b.,n.b.,2022.0
BIOPHARMEL,"Is. Meyskensstraat 222, 1780 Wemmel, Belgium",,505983573,2014-12-05,"companyweb: https://www.companyweb.be/gratisBTWopzoeken_rechercherTVAgratuit_detail.asp?source=&vat=505983573, databe: https://data.be/en/company/0505983573, ejustice: http://www.ejustice.just.fgov.be/cgi_tsv/tsv_rech.pl?language=nl&btw=0505983573&liste=Liste, finactum: https://www.finactum.be/nl/company/BE0505983573, graydon: http://www.graydon.be/portal_creditel/link.aspx?typ=rap&lnk=505983573, infobel: https://www.infobel.com/nl/belgium/financial/vat/BE0505983573, kbodata: http://data.kbodata.be/organisation/0505_983_573, kbopub: http://kbopub.economie.fgov.be/kbopub/zoeknummerform.html?nummer=0505983573, nbb: http://cri.nbb.be/bc9/web/catalog?lang=N&companyNr=0505983573, opencorporates: https://opencorporates.com/companies/be/0505983573, opencorporatesapi: https://api.opencorporates.com/companies/be/0505983573, socialsecurity: https://www.socialsecurity.be/app014/wrep/rep_gp.do?language=nl&ACCESS_TYPE=0&ACTION=1&REP_KEY_TYPE=12&REP_LIMIT_DATE=&REP_KEY_VALUE=0505983573, staatsbladmonitor: https://www.staatsbladmonitor.be/bedrijfsfiche.html?ondernemingsnummer=0505983573, trendstop: http://trendstop.knack.be/en/detail/0505983573, vies: http://ec.europa.eu/taxation_customs/vies/vatResponse.html?memberStateCode=BE&number=0505983573",n.b.,n.b.,2022.0
AVANOTT,"Schoonzichtlaan 88, 3020 Herent, Belgium","46460, 46180",542894449,2013-12-06,"companyweb: https://www.companyweb.be/gratisBTWopzoeken_rechercherTVAgratuit_detail.asp?source=&vat=542894449, databe: https://data.be/en/company/0542894449, ejustice: http://www.ejustice.just.fgov.be/cgi_tsv/tsv_rech.pl?language=nl&btw=0542894449&liste=Liste, finactum: https://www.finactum.be/nl/company/BE0542894449, graydon: http://www.graydon.be/portal_creditel/link.aspx?typ=rap&lnk=542894449, infobel: https://www.infobel.com/nl/belgium/financial/vat/BE0542894449, kbodata: http://data.kbodata.be/organisation/0542_894_449, kbopub: http://kbopub.economie.fgov.be/kbopub/zoeknummerform.html?nummer=0542894449, nbb: http://cri.nbb.be/bc9/web/catalog?lang=N&companyNr=0542894449, opencorporates: https://opencorporates.com/companies/be/0542894449, opencorporatesapi: https://api.opencorporates.com/companies/be/0542894449, socialsecurity: https://www.socialsecurity.be/app014/wrep/rep_gp.do?language=nl&ACCESS_TYPE=0&ACTION=1&REP_KEY_TYPE=12&REP_LIMIT_DATE=&REP_KEY_VALUE=0542894449, staatsbladmonitor: https://www.staatsbladmonitor.be/bedrijfsfiche.html?ondernemingsnummer=0542894449, trendstop: http://trendstop.knack.be/en/detail/0542894449, vies: http://ec.europa.eu/taxation_customs/vies/vatResponse.html?memberStateCode=BE&number=0542894449",n.b.,n.b.,2022.0
LIMS TRADING,"Kapitein Crespelstraat 14, 1050 Elsene, Belgium","56102, 46460, 46150, 47730",578940639,2015-01-27,"companyweb: https://www.companyweb.be/gratisBTWopzoeken_rechercherTVAgratuit_detail.asp?source=&vat=578940639, databe: https://data.be/en/company/0578940639, ejustice: http://www.ejustice.just.fgov.be/cgi_tsv/tsv_rech.pl?language=nl&btw=0578940639&liste=Liste, finactum: https://www.finactum.be/nl/company/BE0578940639, graydon: http://www.graydon.be/portal_creditel/link.aspx?typ=rap&lnk=578940639, infobel: https://www.infobel.com/nl/belgium/financial/vat/BE0578940639, kbodata: http://data.kbodata.be/organisation/0578_940_639, kbopub: http://kbopub.economie.fgov.be/kbopub/zoeknummerform.html?nummer=0578940639, nbb: http://cri.nbb.be/bc9/web/catalog?lang=N&companyNr=0578940639, opencorporates: https://opencorporates.com/companies/be/0578940639, opencorporatesapi: https://api.opencorporates.com/companies/be/0578940639, socialsecurity: https://www.socialsecurity.be/app014/wrep/rep_gp.do?language=nl&ACCESS_TYPE=0&ACTION=1&REP_KEY_TYPE=12&REP_LIMIT_DATE=&REP_KEY_VALUE=0578940639, staatsbladmonitor: https://www.staatsbladmonitor.be/bedrijfsfiche.html?ondernemingsnummer=0578940639, trendstop: http://trendstop.knack.be/en/detail/0578940639, vies: http://ec.europa.eu/taxation_customs/vies/vatResponse.html?memberStateCode=BE&number=0578940639",n.b.,n.b.,2022.0
EUROPEAN MEDICAL BONE BANK,"Eburonenstraat 32, 1000 Brussel, Belgium","46460, 45112, 46699, 77295",632568672,2015-06-18,"companyweb: https://www.companyweb.be/gratisBTWopzoeken_rechercherTVAgratuit_detail.asp?source=&vat=632568672, databe: https://data.be/en/company/0632568672, ejustice: http://www.ejustice.just.fgov.be/cgi_tsv/tsv_rech.pl?language=nl&btw=0632568672&liste=Liste, finactum: https://www.finactum.be/nl/company/BE0632568672, graydon: http://www.graydon.be/portal_creditel/link.aspx?typ=rap&lnk=632568672, infobel: https://www.infobel.com/nl/belgium/financial/vat/BE0632568672, kbodata: http://data.kbodata.be/organisation/0632_568_672, kbopub: http://kbopub.economie.fgov.be/kbopub/zoeknummerform.html?nummer=0632568672, nbb: http://cri.nbb.be/bc9/web/catalog?lang=N&companyNr=0632568672, opencorporates: https://opencorporates.com/companies/be/0632568672, opencorporatesapi: https://api.opencorporates.com/companies/be/0632568672, socialsecurity: https://www.socialsecurity.be/app014/wrep/rep_gp.do?language=nl&ACCESS_TYPE=0&ACTION=1&REP_KEY_TYPE=12&REP_LIMIT_DATE=&REP_KEY_VALUE=0632568672, staatsbladmonitor: https://www.staatsbladmonitor.be/bedrijfsfiche.html?ondernemingsnummer=0632568672, trendstop: http://trendstop.knack.be/en/detail/0632568672, vies: http://ec.europa.eu/taxation_customs/vies/vatResponse.html?memberStateCode=BE&number=0632568672",n.b.,n.b.,2022.0
SANMEDEX,"Coghenlaan 119, 1180 Ukkel, Belgium",46460,632897878,2015-06-30,"companyweb: https://www.companyweb.be/gratisBTWopzoeken_rechercherTVAgratuit_detail.asp?source=&vat=632897878, databe: https://data.be/en/company/0632897878, ejustice: http://www.ejustice.just.fgov.be/cgi_tsv/tsv_rech.pl?language=nl&btw=0632897878&liste=Liste, finactum: https://www.finactum.be/nl/company/BE0632897878, graydon: http://www.graydon.be/portal_creditel/link.aspx?typ=rap&lnk=632897878, infobel: https://www.infobel.com/nl/belgium/financial/vat/BE0632897878, kbodata: http://data.kbodata.be/organisation/0632_897_878, kbopub: http://kbopub.economie.fgov.be/kbopub/zoeknummerform.html?nummer=0632897878, nbb: http://cri.nbb.be/bc9/web/catalog?lang=N&companyNr=0632897878, opencorporates: https://opencorporates.com/companies/be/0632897878, opencorporatesapi: https://api.opencorporates.com/companies/be/0632897878, socialsecurity: https://www.socialsecurity.be/app014/wrep/rep_gp.do?language=nl&ACCESS_TYPE=0&ACTION=1&REP_KEY_TYPE=12&REP_LIMIT_DATE=&REP_KEY_VALUE=0632897878, staatsbladmonitor: https://www.staatsbladmonitor.be/bedrijfsfiche.html?ondernemingsnummer=0632897878, trendstop: http://trendstop.knack.be/en/detail/0632897878, vies: http://ec.europa.eu/taxation_customs/vies/vatResponse.html?memberStateCode=BE&number=0632897878",n.b.,n.b.,2022.0
SKENDERBEU,"Josse Impensstraat 3, 1030 Schaarbeek, Belgium",,474327921,1998-01-07,"companyweb: https://www.companyweb.be/gratisBTWopzoeken_rechercherTVAgratuit_detail.asp?source=&vat=474327921, databe: https://data.be/en/company/0474327921, ejustice: http://www.ejustice.just.fgov.be/cgi_tsv/tsv_rech.pl?language=nl&btw=0474327921&liste=Liste, finactum: https://www.finactum.be/nl/company/BE0474327921, graydon: http://www.graydon.be/portal_creditel/link.aspx?typ=rap&lnk=474327921, infobel: https://www.infobel.com/nl/belgium/financial/vat/BE0474327921, kbodata: http://data.kbodata.be/organisation/0474_327_921, kbopub: http://kbopub.economie.fgov.be/kbopub/zoeknummerform.html?nummer=0474327921, nbb: http://cri.nbb.be/bc9/web/catalog?lang=N&companyNr=0474327921, opencorporates: https://opencorporates.com/companies/be/0474327921, opencorporatesapi: https://api.opencorporates.com/companies/be/0474327921, socialsecurity: https://www.socialsecurity.be/app014/wrep/rep_gp.do?language=nl&ACCESS_TYPE=0&ACTION=1&REP_KEY_TYPE=12&REP_LIMIT_DATE=&REP_KEY_VALUE=0474327921, staatsbladmonitor: https://www.staatsbladmonitor.be/bedrijfsfiche.html?ondernemingsnummer=0474327921, trendstop: http://trendstop.knack.be/en/detail/0474327921, vies: http://ec.europa.eu/taxation_customs/vies/vatResponse.html?memberStateCode=BE&number=0474327921",n.b.,n.b.,2023.0
GRINTA BENELUX,"Cranenskapelstraat 68, 3200 Aarschot, Belgium","46460, 47740",635993960,2015-09-03,"companyweb: https://www.companyweb.be/gratisBTWopzoeken_rechercherTVAgratuit_detail.asp?source=&vat=635993960, databe: https://data.be/en/company/0635993960, ejustice: http://www.ejustice.just.fgov.be/cgi_tsv/tsv_rech.pl?language=nl&btw=0635993960&liste=Liste, finactum: https://www.finactum.be/nl/company/BE0635993960, graydon: http://www.graydon.be/portal_creditel/link.aspx?typ=rap&lnk=635993960, infobel: https://www.infobel.com/nl/belgium/financial/vat/BE0635993960, kbodata: http://data.kbodata.be/organisation/0635_993_960, kbopub: http://kbopub.economie.fgov.be/kbopub/zoeknummerform.html?nummer=0635993960, nbb: http://cri.nbb.be/bc9/web/catalog?lang=N&companyNr=0635993960, opencorporates: https://opencorporates.com/companies/be/0635993960, opencorporatesapi: https://api.opencorporates.com/companies/be/0635993960, socialsecurity: https://www.socialsecurity.be/app014/wrep/rep_gp.do?language=nl&ACCESS_TYPE=0&ACTION=1&REP_KEY_TYPE=12&REP_LIMIT_DATE=&REP_KEY_VALUE=0635993960, staatsbladmonitor: https://www.staatsbladmonitor.be/bedrijfsfiche.html?ondernemingsnummer=0635993960, trendstop: http://trendstop.knack.be/en/detail/0635993960, vies: http://ec.europa.eu/taxation_customs/vies/vatResponse.html?memberStateCode=BE&number=0635993960",n.b.,n.b.,2022.0
APROPEAU,"Naamsesteenweg 160, 3001 Leuven, Belgium","46460, 47730",663881361,2016-10-06,"companyweb: https://www.companyweb.be/gratisBTWopzoeken_rechercherTVAgratuit_detail.asp?source=&vat=663881361, databe: https://data.be/en/company/0663881361, ejustice: http://www.ejustice.just.fgov.be/cgi_tsv/tsv_rech.pl?language=nl&btw=0663881361&liste=Liste, finactum: https://www.finactum.be/nl/company/BE0663881361, graydon: http://www.graydon.be/portal_creditel/link.aspx?typ=rap&lnk=663881361, infobel: https://www.infobel.com/nl/belgium/financial/vat/BE0663881361, kbodata: http://data.kbodata.be/organisation/0663_881_361, kbopub: http://kbopub.economie.fgov.be/kbopub/zoeknummerform.html?nummer=0663881361, nbb: http://cri.nbb.be/bc9/web/catalog?lang=N&companyNr=0663881361, opencorporates: https://opencorporates.com/companies/be/0663881361, opencorporatesapi: https://api.opencorporates.com/companies/be/0663881361, socialsecurity: https://www.socialsecurity.be/app014/wrep/rep_gp.do?language=nl&ACCESS_TYPE=0&ACTION=1&REP_KEY_TYPE=12&REP_LIMIT_DATE=&REP_KEY_VALUE=0663881361, staatsbladmonitor: https://www.staatsbladmonitor.be/bedrijfsfiche.html?ondernemingsnummer=0663881361, trendstop: http://trendstop.knack.be/en/detail/0663881361, vies: http://ec.europa.eu/taxation_customs/vies/vatResponse.html?memberStateCode=BE&number=0663881361",n.b.,n.b.,2022.0
FARTRADE,"Hortensiaslaan 17, 1970 Wezembeek-Oppem, Belgium","46460, 47740",685971627,2017-12-15,"companyweb: https://www.companyweb.be/gratisBTWopzoeken_rechercherTVAgratuit_detail.asp?source=&vat=685971627, databe: https://data.be/en/company/0685971627, ejustice: http://www.ejustice.just.fgov.be/cgi_tsv/tsv_rech.pl?language=nl&btw=0685971627&liste=Liste, finactum: https://www.finactum.be/nl/company/BE0685971627, graydon: http://www.graydon.be/portal_creditel/link.aspx?typ=rap&lnk=685971627, infobel: https://www.infobel.com/nl/belgium/financial/vat/BE0685971627, kbodata: http://data.kbodata.be/organisation/0685_971_627, kbopub: http://kbopub.economie.fgov.be/kbopub/zoeknummerform.html?nummer=0685971627, nbb: http://cri.nbb.be/bc9/web/catalog?lang=N&companyNr=0685971627, opencorporates: https://opencorporates.com/companies/be/0685971627, opencorporatesapi: https://api.opencorporates.com/companies/be/0685971627, socialsecurity: https://www.socialsecurity.be/app014/wrep/rep_gp.do?language=nl&ACCESS_TYPE=0&ACTION=1&REP_KEY_TYPE=12&REP_LIMIT_DATE=&REP_KEY_VALUE=0685971627, staatsbladmonitor: https://www.staatsbladmonitor.be/bedrijfsfiche.html?ondernemingsnummer=0685971627, trendstop: http://trendstop.knack.be/en/detail/0685971627, vies: http://ec.europa.eu/taxation_customs/vies/vatResponse.html?memberStateCode=BE&number=0685971627",n.b.,n.b.,2022.0
DE STRALENDE PIJL,"Herlaerstraat 2, 1800 Vilvoorde, Belgium","46460, 47740, 77295",690683748,2018-02-16,"companyweb: https://www.companyweb.be/gratisBTWopzoeken_rechercherTVAgratuit_detail.asp?source=&vat=690683748, databe: https://data.be/en/company/0690683748, ejustice: http://www.ejustice.just.fgov.be/cgi_tsv/tsv_rech.pl?language=nl&btw=0690683748&liste=Liste, finactum: https://www.finactum.be/nl/company/BE0690683748, graydon: http://www.graydon.be/portal_creditel/link.aspx?typ=rap&lnk=690683748, infobel: https://www.infobel.com/nl/belgium/financial/vat/BE0690683748, kbodata: http://data.kbodata.be/organisation/0690_683_748, kbopub: http://kbopub.economie.fgov.be/kbopub/zoeknummerform.html?nummer=0690683748, nbb: http://cri.nbb.be/bc9/web/catalog?lang=N&companyNr=0690683748, opencorporates: https://opencorporates.com/companies/be/0690683748, opencorporatesapi: https://api.opencorporates.com/companies/be/0690683748, socialsecurity: https://www.socialsecurity.be/app014/wrep/rep_gp.do?language=nl&ACCESS_TYPE=0&ACTION=1&REP_KEY_TYPE=12&REP_LIMIT_DATE=&REP_KEY_VALUE=0690683748, staatsbladmonitor: https://www.staatsbladmonitor.be/bedrijfsfiche.html?ondernemingsnummer=0690683748, trendstop: http://trendstop.knack.be/en/detail/0690683748, vies: http://ec.europa.eu/taxation_customs/vies/vatResponse.html?memberStateCode=BE&number=0690683748",n.b.,n.b.,2022.0
FUTTITINNI,"Burg 9, 8000 Brugge, Belgium",,707680227,2018-10-02,"companyweb: https://www.companyweb.be/gratisBTWopzoeken_rechercherTVAgratuit_detail.asp?source=&vat=707680227, databe: https://data.be/en/company/0707680227, ejustice: http://www.ejustice.just.fgov.be/cgi_tsv/tsv_rech.pl?language=nl&btw=0707680227&liste=Liste, finactum: https://www.finactum.be/nl/company/BE0707680227, graydon: http://www.graydon.be/portal_creditel/link.aspx?typ=rap&lnk=707680227, infobel: https://www.infobel.com/nl/belgium/financial/vat/BE0707680227, kbodata: http://data.kbodata.be/organisation/0707_680_227, kbopub: http://kbopub.economie.fgov.be/kbopub/zoeknummerform.html?nummer=0707680227, nbb: http://cri.nbb.be/bc9/web/catalog?lang=N&companyNr=0707680227, opencorporates: https://opencorporates.com/companies/be/0707680227, opencorporatesapi: https://api.opencorporates.com/companies/be/0707680227, socialsecurity: https://www.socialsecurity.be/app014/wrep/rep_gp.do?language=nl&ACCESS_TYPE=0&ACTION=1&REP_KEY_TYPE=12&REP_LIMIT_DATE=&REP_KEY_VALUE=0707680227, staatsbladmonitor: https://www.staatsbladmonitor.be/bedrijfsfiche.html?ondernemingsnummer=0707680227, trendstop: http://trendstop.knack.be/en/detail/0707680227, vies: http://ec.europa.eu/taxation_customs/vies/vatResponse.html?memberStateCode=BE&number=0707680227",n.b.,n.b.,2022.0
DANSAERT APO,"Langestraat 151, 3111 Rotselaar, Belgium","46460, 47299, 47740, 47750",707924311,2018-10-08,"companyweb: https://www.companyweb.be/gratisBTWopzoeken_rechercherTVAgratuit_detail.asp?source=&vat=707924311, databe: https://data.be/en/company/0707924311, ejustice: http://www.ejustice.just.fgov.be/cgi_tsv/tsv_rech.pl?language=nl&btw=0707924311&liste=Liste, finactum: https://www.finactum.be/nl/company/BE0707924311, graydon: http://www.graydon.be/portal_creditel/link.aspx?typ=rap&lnk=707924311, infobel: https://www.infobel.com/nl/belgium/financial/vat/BE0707924311, kbodata: http://data.kbodata.be/organisation/0707_924_311, kbopub: http://kbopub.economie.fgov.be/kbopub/zoeknummerform.html?nummer=0707924311, nbb: http://cri.nbb.be/bc9/web/catalog?lang=N&companyNr=0707924311, opencorporates: https://opencorporates.com/companies/be/0707924311, opencorporatesapi: https://api.opencorporates.com/companies/be/0707924311, socialsecurity: https://www.socialsecurity.be/app014/wrep/rep_gp.do?language=nl&ACCESS_TYPE=0&ACTION=1&REP_KEY_TYPE=12&REP_LIMIT_DATE=&REP_KEY_VALUE=0707924311, staatsbladmonitor: https://www.staatsbladmonitor.be/bedrijfsfiche.html?ondernemingsnummer=0707924311, trendstop: http://trendstop.knack.be/en/detail/0707924311, vies: http://ec.europa.eu/taxation_customs/vies/vatResponse.html?memberStateCode=BE&number=0707924311",n.b.,n.b.,2022.0
AMPLIPHARMA,"Vorstlaan 100, 1170 Watermaal-Bosvoorde, Belgium",46460,716928483,2018-12-28,"companyweb: https://www.companyweb.be/gratisBTWopzoeken_rechercherTVAgratuit_detail.asp?source=&vat=716928483, databe: https://data.be/en/company/0716928483, ejustice: http://www.ejustice.just.fgov.be/cgi_tsv/tsv_rech.pl?language=nl&btw=0716928483&liste=Liste, finactum: https://www.finactum.be/nl/company/BE0716928483, graydon: http://www.graydon.be/portal_creditel/link.aspx?typ=rap&lnk=716928483, infobel: https://www.infobel.com/nl/belgium/financial/vat/BE0716928483, kbodata: http://data.kbodata.be/organisation/0716_928_483, kbopub: http://kbopub.economie.fgov.be/kbopub/zoeknummerform.html?nummer=0716928483, nbb: http://cri.nbb.be/bc9/web/catalog?lang=N&companyNr=0716928483, opencorporates: https://opencorporates.com/companies/be/0716928483, opencorporatesapi: https://api.opencorporates.com/companies/be/0716928483, socialsecurity: https://www.socialsecurity.be/app014/wrep/rep_gp.do?language=nl&ACCESS_TYPE=0&ACTION=1&REP_KEY_TYPE=12&REP_LIMIT_DATE=&REP_KEY_VALUE=0716928483, staatsbladmonitor: https://www.staatsbladmonitor.be/bedrijfsfiche.html?ondernemingsnummer=0716928483, trendstop: http://trendstop.knack.be/en/detail/0716928483, vies: http://ec.europa.eu/taxation_customs/vies/vatResponse.html?memberStateCode=BE&number=0716928483",n.b.,n.b.,2022.0
CONFORT AT HOME,"Veeweidestraat 18, 1070 Anderlecht, Belgium","46460, 46180, 70210, 70220, 72190",737633035,2019-11-13,"companyweb: https://www.companyweb.be/gratisBTWopzoeken_rechercherTVAgratuit_detail.asp?source=&vat=737633035, databe: https://data.be/en/company/0737633035, ejustice: http://www.ejustice.just.fgov.be/cgi_tsv/tsv_rech.pl?language=nl&btw=0737633035&liste=Liste, finactum: https://www.finactum.be/nl/company/BE0737633035, graydon: http://www.graydon.be/portal_creditel/link.aspx?typ=rap&lnk=737633035, infobel: https://www.infobel.com/nl/belgium/financial/vat/BE0737633035, kbodata: http://data.kbodata.be/organisation/0737_633_035, kbopub: http://kbopub.economie.fgov.be/kbopub/zoeknummerform.html?nummer=0737633035, nbb: http://cri.nbb.be/bc9/web/catalog?lang=N&companyNr=0737633035, opencorporates: https://opencorporates.com/companies/be/0737633035, opencorporatesapi: https://api.opencorporates.com/companies/be/0737633035, socialsecurity: https://www.socialsecurity.be/app014/wrep/rep_gp.do?language=nl&ACCESS_TYPE=0&ACTION=1&REP_KEY_TYPE=12&REP_LIMIT_DATE=&REP_KEY_VALUE=0737633035, staatsbladmonitor: https://www.staatsbladmonitor.be/bedrijfsfiche.html?ondernemingsnummer=0737633035, trendstop: http://trendstop.knack.be/en/detail/0737633035, vies: http://ec.europa.eu/taxation_customs/vies/vatResponse.html?memberStateCode=BE&number=0737633035",n.b.,n.b.,2022.0
MEDICO ELECTRODES,"Sint-Michielslaan 65, 1040 Etterbeek, Belgium",46460,745452225,2020-03-17,"companyweb: https://www.companyweb.be/gratisBTWopzoeken_rechercherTVAgratuit_detail.asp?source=&vat=745452225, databe: https://data.be/en/company/0745452225, ejustice: http://www.ejustice.just.fgov.be/cgi_tsv/tsv_rech.pl?language=nl&btw=0745452225&liste=Liste, finactum: https://www.finactum.be/nl/company/BE0745452225, graydon: http://www.graydon.be/portal_creditel/link.aspx?typ=rap&lnk=745452225, infobel: https://www.infobel.com/nl/belgium/financial/vat/BE0745452225, kbodata: http://data.kbodata.be/organisation/0745_452_225, kbopub: http://kbopub.economie.fgov.be/kbopub/zoeknummerform.html?nummer=0745452225, nbb: http://cri.nbb.be/bc9/web/catalog?lang=N&companyNr=0745452225, opencorporates: https://opencorporates.com/companies/be/0745452225, opencorporatesapi: https://api.opencorporates.com/companies/be/0745452225, socialsecurity: https://www.socialsecurity.be/app014/wrep/rep_gp.do?language=nl&ACCESS_TYPE=0&ACTION=1&REP_KEY_TYPE=12&REP_LIMIT_DATE=&REP_KEY_VALUE=0745452225, staatsbladmonitor: https://www.staatsbladmonitor.be/bedrijfsfiche.html?ondernemingsnummer=0745452225, trendstop: http://trendstop.knack.be/en/detail/0745452225, vies: http://ec.europa.eu/taxation_customs/vies/vatResponse.html?memberStateCode=BE&number=0745452225",n.b.,n.b.,2022.0
PHARMACORE,"Oude Molenstraat 311, 1180 Ukkel, Belgium","46460, 46190, 70220",746953547,2020-05-15,"companyweb: https://www.companyweb.be/gratisBTWopzoeken_rechercherTVAgratuit_detail.asp?source=&vat=746953547, databe: https://data.be/en/company/0746953547, ejustice: http://www.ejustice.just.fgov.be/cgi_tsv/tsv_rech.pl?language=nl&btw=0746953547&liste=Liste, finactum: https://www.finactum.be/nl/company/BE0746953547, graydon: http://www.graydon.be/portal_creditel/link.aspx?typ=rap&lnk=746953547, infobel: https://www.infobel.com/nl/belgium/financial/vat/BE0746953547, kbodata: http://data.kbodata.be/organisation/0746_953_547, kbopub: http://kbopub.economie.fgov.be/kbopub/zoeknummerform.html?nummer=0746953547, nbb: http://cri.nbb.be/bc9/web/catalog?lang=N&companyNr=0746953547, opencorporates: https://opencorporates.com/companies/be/0746953547, opencorporatesapi: https://api.opencorporates.com/companies/be/0746953547, socialsecurity: https://www.socialsecurity.be/app014/wrep/rep_gp.do?language=nl&ACCESS_TYPE=0&ACTION=1&REP_KEY_TYPE=12&REP_LIMIT_DATE=&REP_KEY_VALUE=0746953547, staatsbladmonitor: https://www.staatsbladmonitor.be/bedrijfsfiche.html?ondernemingsnummer=0746953547, trendstop: http://trendstop.knack.be/en/detail/0746953547, vies: http://ec.europa.eu/taxation_customs/vies/vatResponse.html?memberStateCode=BE&number=0746953547",n.b.,n.b.,2022.0
BELLEJO,"Philipssite 5, 3001 Leuven, Belgium",46460,752540351,2020-08-12,"companyweb: https://www.companyweb.be/gratisBTWopzoeken_rechercherTVAgratuit_detail.asp?source=&vat=752540351, databe: https://data.be/en/company/0752540351, ejustice: http://www.ejustice.just.fgov.be/cgi_tsv/tsv_rech.pl?language=nl&btw=0752540351&liste=Liste, finactum: https://www.finactum.be/nl/company/BE0752540351, graydon: http://www.graydon.be/portal_creditel/link.aspx?typ=rap&lnk=752540351, infobel: https://www.infobel.com/nl/belgium/financial/vat/BE0752540351, kbodata: http://data.kbodata.be/organisation/0752_540_351, kbopub: http://kbopub.economie.fgov.be/kbopub/zoeknummerform.html?nummer=0752540351, nbb: http://cri.nbb.be/bc9/web/catalog?lang=N&companyNr=0752540351, opencorporates: https://opencorporates.com/companies/be/0752540351, opencorporatesapi: https://api.opencorporates.com/companies/be/0752540351, socialsecurity: https://www.socialsecurity.be/app014/wrep/rep_gp.do?language=nl&ACCESS_TYPE=0&ACTION=1&REP_KEY_TYPE=12&REP_LIMIT_DATE=&REP_KEY_VALUE=0752540351, staatsbladmonitor: https://www.staatsbladmonitor.be/bedrijfsfiche.html?ondernemingsnummer=0752540351, trendstop: http://trendstop.knack.be/en/detail/0752540351, vies: http://ec.europa.eu/taxation_customs/vies/vatResponse.html?memberStateCode=BE&number=0752540351",n.b.,n.b.,2022.0
LEXTEC,"Doornlaarstraat 95b, 2820 Bonheiden, Belgium","46460, 77295, 95290",754433732,2020-09-15,"companyweb: https://www.companyweb.be/gratisBTWopzoeken_rechercherTVAgratuit_detail.asp?source=&vat=754433732, databe: https://data.be/en/company/0754433732, ejustice: http://www.ejustice.just.fgov.be/cgi_tsv/tsv_rech.pl?language=nl&btw=0754433732&liste=Liste, finactum: https://www.finactum.be/nl/company/BE0754433732, graydon: http://www.graydon.be/portal_creditel/link.aspx?typ=rap&lnk=754433732, infobel: https://www.infobel.com/nl/belgium/financial/vat/BE0754433732, kbodata: http://data.kbodata.be/organisation/0754_433_732, kbopub: http://kbopub.economie.fgov.be/kbopub/zoeknummerform.html?nummer=0754433732, nbb: http://cri.nbb.be/bc9/web/catalog?lang=N&companyNr=0754433732, opencorporates: https://opencorporates.com/companies/be/0754433732, opencorporatesapi: https://api.opencorporates.com/companies/be/0754433732, socialsecurity: https://www.socialsecurity.be/app014/wrep/rep_gp.do?language=nl&ACCESS_TYPE=0&ACTION=1&REP_KEY_TYPE=12&REP_LIMIT_DATE=&REP_KEY_VALUE=0754433732, staatsbladmonitor: https://www.staatsbladmonitor.be/bedrijfsfiche.html?ondernemingsnummer=0754433732, trendstop: http://trendstop.knack.be/en/detail/0754433732, vies: http://ec.europa.eu/taxation_customs/vies/vatResponse.html?memberStateCode=BE&number=0754433732",n.b.,n.b.,2022.0
MEDICAL DEVEYES,"Congresstraat 35, 1000 Brussel, Belgium","46460, 47910, 74909, 77295, 82990",754660889,2020-09-21,"companyweb: https://www.companyweb.be/gratisBTWopzoeken_rechercherTVAgratuit_detail.asp?source=&vat=754660889, databe: https://data.be/en/company/0754660889, ejustice: http://www.ejustice.just.fgov.be/cgi_tsv/tsv_rech.pl?language=nl&btw=0754660889&liste=Liste, finactum: https://www.finactum.be/nl/company/BE0754660889, graydon: http://www.graydon.be/portal_creditel/link.aspx?typ=rap&lnk=754660889, infobel: https://www.infobel.com/nl/belgium/financial/vat/BE0754660889, kbodata: http://data.kbodata.be/organisation/0754_660_889, kbopub: http://kbopub.economie.fgov.be/kbopub/zoeknummerform.html?nummer=0754660889, nbb: http://cri.nbb.be/bc9/web/catalog?lang=N&companyNr=0754660889, opencorporates: https://opencorporates.com/companies/be/0754660889, opencorporatesapi: https://api.opencorporates.com/companies/be/0754660889, socialsecurity: https://www.socialsecurity.be/app014/wrep/rep_gp.do?language=nl&ACCESS_TYPE=0&ACTION=1&REP_KEY_TYPE=12&REP_LIMIT_DATE=&REP_KEY_VALUE=0754660889, staatsbladmonitor: https://www.staatsbladmonitor.be/bedrijfsfiche.html?ondernemingsnummer=0754660889, trendstop: http://trendstop.knack.be/en/detail/0754660889, vies: http://ec.europa.eu/taxation_customs/vies/vatResponse.html?memberStateCode=BE&number=0754660889",n.b.,n.b.,2022.0
CARE4S,"Citroenbomenlaan 1, 1020 Brussel, Belgium","46460, 86906",765462038,2021-03-22,"companyweb: https://www.companyweb.be/gratisBTWopzoeken_rechercherTVAgratuit_detail.asp?source=&vat=765462038, databe: https://data.be/en/company/0765462038, ejustice: http://www.ejustice.just.fgov.be/cgi_tsv/tsv_rech.pl?language=nl&btw=0765462038&liste=Liste, finactum: https://www.finactum.be/nl/company/BE0765462038, graydon: http://www.graydon.be/portal_creditel/link.aspx?typ=rap&lnk=765462038, infobel: https://www.infobel.com/nl/belgium/financial/vat/BE0765462038, kbodata: http://data.kbodata.be/organisation/0765_462_038, kbopub: http://kbopub.economie.fgov.be/kbopub/zoeknummerform.html?nummer=0765462038, nbb: http://cri.nbb.be/bc9/web/catalog?lang=N&companyNr=0765462038, opencorporates: https://opencorporates.com/companies/be/0765462038, opencorporatesapi: https://api.opencorporates.com/companies/be/0765462038, socialsecurity: https://www.socialsecurity.be/app014/wrep/rep_gp.do?language=nl&ACCESS_TYPE=0&ACTION=1&REP_KEY_TYPE=12&REP_LIMIT_DATE=&REP_KEY_VALUE=0765462038, staatsbladmonitor: https://www.staatsbladmonitor.be/bedrijfsfiche.html?ondernemingsnummer=0765462038, trendstop: http://trendstop.knack.be/en/detail/0765462038, vies: http://ec.europa.eu/taxation_customs/vies/vatResponse.html?memberStateCode=BE&number=0765462038",n.b.,n.b.,2022.0
FOURNITURE DE MATERIEL MEDICAL ET PHARMACEUTIQUE,"Louizalaan 131, 1050 Brussel, Belgium","46460, 46460, 46450, 46699, 46736, 53200",769622051,2021-06-11,"companyweb: https://www.companyweb.be/gratisBTWopzoeken_rechercherTVAgratuit_detail.asp?source=&vat=769622051, databe: https://data.be/en/company/0769622051, ejustice: http://www.ejustice.just.fgov.be/cgi_tsv/tsv_rech.pl?language=nl&btw=0769622051&liste=Liste, finactum: https://www.finactum.be/nl/company/BE0769622051, graydon: http://www.graydon.be/portal_creditel/link.aspx?typ=rap&lnk=769622051, infobel: https://www.infobel.com/nl/belgium/financial/vat/BE0769622051, kbodata: http://data.kbodata.be/organisation/0769_622_051, kbopub: http://kbopub.economie.fgov.be/kbopub/zoeknummerform.html?nummer=0769622051, nbb: http://cri.nbb.be/bc9/web/catalog?lang=N&companyNr=0769622051, opencorporates: https://opencorporates.com/companies/be/0769622051, opencorporatesapi: https://api.opencorporates.com/companies/be/0769622051, socialsecurity: https://www.socialsecurity.be/app014/wrep/rep_gp.do?language=nl&ACCESS_TYPE=0&ACTION=1&REP_KEY_TYPE=12&REP_LIMIT_DATE=&REP_KEY_VALUE=0769622051, staatsbladmonitor: https://www.staatsbladmonitor.be/bedrijfsfiche.html?ondernemingsnummer=0769622051, trendstop: http://trendstop.knack.be/en/detail/0769622051, vies: http://ec.europa.eu/taxation_customs/vies/vatResponse.html?memberStateCode=BE&number=0769622051",n.b.,n.b.,2021.0
NATURE AVENUE,"Kelderveld 37, 2500 Lier, Belgium","46389, 46460",773994276,2021-09-17,"companyweb: https://www.companyweb.be/gratisBTWopzoeken_rechercherTVAgratuit_detail.asp?source=&vat=773994276, databe: https://data.be/en/company/0773994276, ejustice: http://www.ejustice.just.fgov.be/cgi_tsv/tsv_rech.pl?language=nl&btw=0773994276&liste=Liste, finactum: https://www.finactum.be/nl/company/BE0773994276, graydon: http://www.graydon.be/portal_creditel/link.aspx?typ=rap&lnk=773994276, infobel: https://www.infobel.com/nl/belgium/financial/vat/BE0773994276, kbodata: http://data.kbodata.be/organisation/0773_994_276, kbopub: http://kbopub.economie.fgov.be/kbopub/zoeknummerform.html?nummer=0773994276, nbb: http://cri.nbb.be/bc9/web/catalog?lang=N&companyNr=0773994276, opencorporates: https://opencorporates.com/companies/be/0773994276, opencorporatesapi: https://api.opencorporates.com/companies/be/0773994276, socialsecurity: https://www.socialsecurity.be/app014/wrep/rep_gp.do?language=nl&ACCESS_TYPE=0&ACTION=1&REP_KEY_TYPE=12&REP_LIMIT_DATE=&REP_KEY_VALUE=0773994276, staatsbladmonitor: https://www.staatsbladmonitor.be/bedrijfsfiche.html?ondernemingsnummer=0773994276, trendstop: http://trendstop.knack.be/en/detail/0773994276, vies: http://ec.europa.eu/taxation_customs/vies/vatResponse.html?memberStateCode=BE&number=0773994276",n.b.,n.b.,2022.0
GLOBAL MEDICAL CONFORT,No result,No activities found,No ID,No Start Date,No See Also Info,n.b.,n.b.,2022.0
B-E-ST ANIMAL HEALTCARE,No result,No activities found,No ID,No Start Date,No See Also Info,n.b.,n.b.,2022.0
XMED IQ FRANCE BENELUX,"Auguste Reyerslaan 80, 1030 Schaarbeek, Belgium","46460, 46699, 68100, 70100, 70220",776368501,2021-10-21,"companyweb: https://www.companyweb.be/gratisBTWopzoeken_rechercherTVAgratuit_detail.asp?source=&vat=776368501, databe: https://data.be/en/company/0776368501, ejustice: http://www.ejustice.just.fgov.be/cgi_tsv/tsv_rech.pl?language=nl&btw=0776368501&liste=Liste, finactum: https://www.finactum.be/nl/company/BE0776368501, graydon: http://www.graydon.be/portal_creditel/link.aspx?typ=rap&lnk=776368501, infobel: https://www.infobel.com/nl/belgium/financial/vat/BE0776368501, kbodata: http://data.kbodata.be/organisation/0776_368_501, kbopub: http://kbopub.economie.fgov.be/kbopub/zoeknummerform.html?nummer=0776368501, nbb: http://cri.nbb.be/bc9/web/catalog?lang=N&companyNr=0776368501, opencorporates: https://opencorporates.com/companies/be/0776368501, opencorporatesapi: https://api.opencorporates.com/companies/be/0776368501, socialsecurity: https://www.socialsecurity.be/app014/wrep/rep_gp.do?language=nl&ACCESS_TYPE=0&ACTION=1&REP_KEY_TYPE=12&REP_LIMIT_DATE=&REP_KEY_VALUE=0776368501, staatsbladmonitor: https://www.staatsbladmonitor.be/bedrijfsfiche.html?ondernemingsnummer=0776368501, trendstop: http://trendstop.knack.be/en/detail/0776368501, vies: http://ec.europa.eu/taxation_customs/vies/vatResponse.html?memberStateCode=BE&number=0776368501",n.b.,n.b.,2022.0
EXTRAPHAR,No result,No activities found,No ID,No Start Date,No See Also Info,n.b.,n.b.,2022.0
NEURAXPHARM BELGIUM,No result,No activities found,No ID,No Start Date,No See Also Info,n.b.,n.b.,2022.0
FLEXTRONICS BEERSE,"Louis Schmidtlaan 87, 1040 Etterbeek, Belgium",,841068786,2011-11-16,"companyweb: https://www.companyweb.be/gratisBTWopzoeken_rechercherTVAgratuit_detail.asp?source=&vat=841068786, databe: https://data.be/en/company/0841068786, ejustice: http://www.ejustice.just.fgov.be/cgi_tsv/tsv_rech.pl?language=nl&btw=0841068786&liste=Liste, finactum: https://www.finactum.be/nl/company/BE0841068786, graydon: http://www.graydon.be/portal_creditel/link.aspx?typ=rap&lnk=841068786, infobel: https://www.infobel.com/nl/belgium/financial/vat/BE0841068786, kbodata: http://data.kbodata.be/organisation/0841_068_786, kbopub: http://kbopub.economie.fgov.be/kbopub/zoeknummerform.html?nummer=0841068786, nbb: http://cri.nbb.be/bc9/web/catalog?lang=N&companyNr=0841068786, opencorporates: https://opencorporates.com/companies/be/0841068786, opencorporatesapi: https://api.opencorporates.com/companies/be/0841068786, socialsecurity: https://www.socialsecurity.be/app014/wrep/rep_gp.do?language=nl&ACCESS_TYPE=0&ACTION=1&REP_KEY_TYPE=12&REP_LIMIT_DATE=&REP_KEY_VALUE=0841068786, staatsbladmonitor: https://www.staatsbladmonitor.be/bedrijfsfiche.html?ondernemingsnummer=0841068786, trendstop: http://trendstop.knack.be/en/detail/0841068786, vies: http://ec.europa.eu/taxation_customs/vies/vatResponse.html?memberStateCode=BE&number=0841068786",n.b.,0,2022.0
FOCUS PHARMA,"Interleuvenlaan 62, 3001 Leuven, Belgium","46460, 21201, 46150, 70220, 72190",846744870,2012-06-19,"companyweb: https://www.companyweb.be/gratisBTWopzoeken_rechercherTVAgratuit_detail.asp?source=&vat=846744870, databe: https://data.be/en/company/0846744870, ejustice: http://www.ejustice.just.fgov.be/cgi_tsv/tsv_rech.pl?language=nl&btw=0846744870&liste=Liste, finactum: https://www.finactum.be/nl/company/BE0846744870, graydon: http://www.graydon.be/portal_creditel/link.aspx?typ=rap&lnk=846744870, infobel: https://www.infobel.com/nl/belgium/financial/vat/BE0846744870, kbodata: http://data.kbodata.be/organisation/0846_744_870, kbopub: http://kbopub.economie.fgov.be/kbopub/zoeknummerform.html?nummer=0846744870, nbb: http://cri.nbb.be/bc9/web/catalog?lang=N&companyNr=0846744870, opencorporates: https://opencorporates.com/companies/be/0846744870, opencorporatesapi: https://api.opencorporates.com/companies/be/0846744870, socialsecurity: https://www.socialsecurity.be/app014/wrep/rep_gp.do?language=nl&ACCESS_TYPE=0&ACTION=1&REP_KEY_TYPE=12&REP_LIMIT_DATE=&REP_KEY_VALUE=0846744870, staatsbladmonitor: https://www.staatsbladmonitor.be/bedrijfsfiche.html?ondernemingsnummer=0846744870, trendstop: http://trendstop.knack.be/en/detail/0846744870, vies: http://ec.europa.eu/taxation_customs/vies/vatResponse.html?memberStateCode=BE&number=0846744870",n.b.,n.b.,2022.0
CIRBA,"Borrensstraat 51, 1050 Elsene, Belgium","46460, 46769, 52310",877341838,2005-11-18,"companyweb: https://www.companyweb.be/gratisBTWopzoeken_rechercherTVAgratuit_detail.asp?source=&vat=877341838, databe: https://data.be/en/company/0877341838, ejustice: http://www.ejustice.just.fgov.be/cgi_tsv/tsv_rech.pl?language=nl&btw=0877341838&liste=Liste, finactum: https://www.finactum.be/nl/company/BE0877341838, graydon: http://www.graydon.be/portal_creditel/link.aspx?typ=rap&lnk=877341838, infobel: https://www.infobel.com/nl/belgium/financial/vat/BE0877341838, kbodata: http://data.kbodata.be/organisation/0877_341_838, kbopub: http://kbopub.economie.fgov.be/kbopub/zoeknummerform.html?nummer=0877341838, nbb: http://cri.nbb.be/bc9/web/catalog?lang=N&companyNr=0877341838, opencorporates: https://opencorporates.com/companies/be/0877341838, opencorporatesapi: https://api.opencorporates.com/companies/be/0877341838, socialsecurity: https://www.socialsecurity.be/app014/wrep/rep_gp.do?language=nl&ACCESS_TYPE=0&ACTION=1&REP_KEY_TYPE=12&REP_LIMIT_DATE=&REP_KEY_VALUE=0877341838, staatsbladmonitor: https://www.staatsbladmonitor.be/bedrijfsfiche.html?ondernemingsnummer=0877341838, trendstop: http://trendstop.knack.be/en/detail/0877341838, vies: http://ec.europa.eu/taxation_customs/vies/vatResponse.html?memberStateCode=BE&number=0877341838",n.b.,n.b.,2022.0
BELIPHARM,"Herestraat 13, 3000 Leuven, Belgium","46460, 46450, 46900, 51460, 51450, 51900",884446592,2006-10-04,"companyweb: https://www.companyweb.be/gratisBTWopzoeken_rechercherTVAgratuit_detail.asp?source=&vat=884446592, databe: https://data.be/en/company/0884446592, ejustice: http://www.ejustice.just.fgov.be/cgi_tsv/tsv_rech.pl?language=nl&btw=0884446592&liste=Liste, finactum: https://www.finactum.be/nl/company/BE0884446592, graydon: http://www.graydon.be/portal_creditel/link.aspx?typ=rap&lnk=884446592, infobel: https://www.infobel.com/nl/belgium/financial/vat/BE0884446592, kbodata: http://data.kbodata.be/organisation/0884_446_592, kbopub: http://kbopub.economie.fgov.be/kbopub/zoeknummerform.html?nummer=0884446592, nbb: http://cri.nbb.be/bc9/web/catalog?lang=N&companyNr=0884446592, opencorporates: https://opencorporates.com/companies/be/0884446592, opencorporatesapi: https://api.opencorporates.com/companies/be/0884446592, socialsecurity: https://www.socialsecurity.be/app014/wrep/rep_gp.do?language=nl&ACCESS_TYPE=0&ACTION=1&REP_KEY_TYPE=12&REP_LIMIT_DATE=&REP_KEY_VALUE=0884446592, staatsbladmonitor: https://www.staatsbladmonitor.be/bedrijfsfiche.html?ondernemingsnummer=0884446592, trendstop: http://trendstop.knack.be/en/detail/0884446592, vies: http://ec.europa.eu/taxation_customs/vies/vatResponse.html?memberStateCode=BE&number=0884446592",n.b.,n.b.,2022.0
O'ACTIVE,"Franklin Rooseveltlaan 252C, 1050 Brussel, Belgium","46460, 74142",886735396,2007-01-25,"companyweb: https://www.companyweb.be/gratisBTWopzoeken_rechercherTVAgratuit_detail.asp?source=&vat=886735396, databe: https://data.be/en/company/0886735396, ejustice: http://www.ejustice.just.fgov.be/cgi_tsv/tsv_rech.pl?language=nl&btw=0886735396&liste=Liste, finactum: https://www.finactum.be/nl/company/BE0886735396, graydon: http://www.graydon.be/portal_creditel/link.aspx?typ=rap&lnk=886735396, infobel: https://www.infobel.com/nl/belgium/financial/vat/BE0886735396, kbodata: http://data.kbodata.be/organisation/0886_735_396, kbopub: http://kbopub.economie.fgov.be/kbopub/zoeknummerform.html?nummer=0886735396, nbb: http://cri.nbb.be/bc9/web/catalog?lang=N&companyNr=0886735396, opencorporates: https://opencorporates.com/companies/be/0886735396, opencorporatesapi: https://api.opencorporates.com/companies/be/0886735396, socialsecurity: https://www.socialsecurity.be/app014/wrep/rep_gp.do?language=nl&ACCESS_TYPE=0&ACTION=1&REP_KEY_TYPE=12&REP_LIMIT_DATE=&REP_KEY_VALUE=0886735396, staatsbladmonitor: https://www.staatsbladmonitor.be/bedrijfsfiche.html?ondernemingsnummer=0886735396, trendstop: http://trendstop.knack.be/en/detail/0886735396, vies: http://ec.europa.eu/taxation_customs/vies/vatResponse.html?memberStateCode=BE&number=0886735396",n.b.,n.b.,2023.0
ORTHOLENGTH,"Groot-Bijgaardenstraat 14, 1082 Sint-Agatha-Berchem, Belgium","46460, 51460",891902726,2007-08-30,"companyweb: https://www.companyweb.be/gratisBTWopzoeken_rechercherTVAgratuit_detail.asp?source=&vat=891902726, databe: https://data.be/en/company/0891902726, ejustice: http://www.ejustice.just.fgov.be/cgi_tsv/tsv_rech.pl?language=nl&btw=0891902726&liste=Liste, finactum: https://www.finactum.be/nl/company/BE0891902726, graydon: http://www.graydon.be/portal_creditel/link.aspx?typ=rap&lnk=891902726, infobel: https://www.infobel.com/nl/belgium/financial/vat/BE0891902726, kbodata: http://data.kbodata.be/organisation/0891_902_726, kbopub: http://kbopub.economie.fgov.be/kbopub/zoeknummerform.html?nummer=0891902726, nbb: http://cri.nbb.be/bc9/web/catalog?lang=N&companyNr=0891902726, opencorporates: https://opencorporates.com/companies/be/0891902726, opencorporatesapi: https://api.opencorporates.com/companies/be/0891902726, socialsecurity: https://www.socialsecurity.be/app014/wrep/rep_gp.do?language=nl&ACCESS_TYPE=0&ACTION=1&REP_KEY_TYPE=12&REP_LIMIT_DATE=&REP_KEY_VALUE=0891902726, staatsbladmonitor: https://www.staatsbladmonitor.be/bedrijfsfiche.html?ondernemingsnummer=0891902726, trendstop: http://trendstop.knack.be/en/detail/0891902726, vies: http://ec.europa.eu/taxation_customs/vies/vatResponse.html?memberStateCode=BE&number=0891902726",n.b.,n.b.,2022.0
WORLD OF MEDICAL TECHNOLOGY,"Gulden-Vlieslaan 67, 1060 Sint-Gillis (bij-Brussel), Belgium","46460, 46150, 46180, 82990",897755091,2008-05-07,"companyweb: https://www.companyweb.be/gratisBTWopzoeken_rechercherTVAgratuit_detail.asp?source=&vat=897755091, databe: https://data.be/en/company/0897755091, ejustice: http://www.ejustice.just.fgov.be/cgi_tsv/tsv_rech.pl?language=nl&btw=0897755091&liste=Liste, finactum: https://www.finactum.be/nl/company/BE0897755091, graydon: http://www.graydon.be/portal_creditel/link.aspx?typ=rap&lnk=897755091, infobel: https://www.infobel.com/nl/belgium/financial/vat/BE0897755091, kbodata: http://data.kbodata.be/organisation/0897_755_091, kbopub: http://kbopub.economie.fgov.be/kbopub/zoeknummerform.html?nummer=0897755091, nbb: http://cri.nbb.be/bc9/web/catalog?lang=N&companyNr=0897755091, opencorporates: https://opencorporates.com/companies/be/0897755091, opencorporatesapi: https://api.opencorporates.com/companies/be/0897755091, socialsecurity: https://www.socialsecurity.be/app014/wrep/rep_gp.do?language=nl&ACCESS_TYPE=0&ACTION=1&REP_KEY_TYPE=12&REP_LIMIT_DATE=&REP_KEY_VALUE=0897755091, staatsbladmonitor: https://www.staatsbladmonitor.be/bedrijfsfiche.html?ondernemingsnummer=0897755091, trendstop: http://trendstop.knack.be/en/detail/0897755091, vies: http://ec.europa.eu/taxation_customs/vies/vatResponse.html?memberStateCode=BE&number=0897755091",n.b.,n.b.,2022.0
